Deliverynumber,Deliverytime,BloodofPressure,HeartProblem,Caesarian,Age
3,0,0,1,1,37
1,1,1,1,1,26
2,0,1,1,1,32
2,1,0,1,1,21
3,1,0,1,1,32
2,2,0,0,0,27
1,0,1,0,0,26
1,0,1,0,0,25
2,1,1,0,0,26
0,1,0,0,1,25
3,0,1,1,1,37
3,0,2,0,1,28
1,1,1,0,0,26
2,2,1,0,0,26
1,0,1,0,1,22
3,0,2,0,1,28
3,0,1,1,0,32
1,2,0,1,1,29
2,0,1,1,1,27
2,0,1,0,0,31
1,0,3,0,1,22
1,0,0,0,0,32
1,0,1,0,0,25
2,0,1,0,0,25
2,0,1,0,0,28
2,0,1,1,0,29
2,0,1,0,0,20
1,0,1,0,0,25
1,1,0,0,0,31
1,1,0,0,0,26
0,2,1,0,0,66
2,0,1,0,0,25
3,0,1,1,1,28
2,0,0,1,1,33
1,1,1,0,0,26
2,0,0,0,0,31
2,1,2,0,1,29
3,0,1,0,1,28
2,0,1,0,0,27
1,0,0,0,0,25
1,1,0,0,0,25
1,0,1,0,1,19
1,2,2,0,0,22
1,0,2,0,0,22
1,0,1,0,1,19
1,1,0,0,0,26
1,2,0,0,1,25
2,0,2,0,0,30
1,2,0,0,0,25
1,0,1,0,0,31
1,3,0,0,0,25
1,0,0,0,0,24
2,1,1,0,0,29
2,1,1,0,0,26
1,1,2,0,0,33
1,1,0,0,0,35
1,1,2,0,1,36
2,0,0,1,3,31
3,0,1,1,1,28
3,0,1,0,0,32
1,2,0,0,1,25
2,1,2,1,1,30
2,0,1,1,1,32
1,1,1,0,0,26
1,0,0,0,1,31
1,0,1,0,0,25
2,0,2,1,1,32
2,0,2,1,1,32
3,0,1,0,1,28
2,1,2,0,0,39
1,0,1,0,0,31
0,1,1,1,1,24
1,0,1,0,0,26
2,0,1,1,0,29
2,1,1,1,0,26
0,0,0,0,0,36
1,0,1,1,0,28
2,0,0,1,1,29
2,0,1,0,0,28
1,1,0,1,0,31
2,1,1,1,0,26
2,1,1,1,0,37
1,2,0,1,1,29
1,0,0,0,1,25
3,0,2,0,1,28
1,0,1,0,0,31
3,0,2,0,1,28
1,1,1,0,1,27
2,1,1,1,0,37
1,0,1,0,0,22
1,1,2,0,1,36
1,0,1,0,0,18
1,1,0,0,1,33
2,0,1,0,0,28
1,1,1,0,0,26
1,0,1,0,0,18
1,1,0,0,0,28
1,2,0,0,0,24
2,0,1,0,0,28
1,1,0,0,0,26
