TIME,Event,Gender,Smoking,BP,Anaemia,Age,Ejection.Fraction,Sodium,Creatinine,Pletelets,CPK,Diabetes
26,1,1,0,0,1,58.0,38,134,5.8,153000.0,60,0
215,0,1,0,1,1,53.0,60,139,1.0,263358.03,446,0
194,0,1,0,1,1,65.0,35,134,0.8,290000.0,135,0
28,1,1,0,0,0,85.0,45,132,3.0,360000.0,23,0
74,0,0,0,1,0,55.0,45,140,0.9,324000.0,336,0
146,0,1,1,1,0,65.0,35,137,0.9,281000.0,198,1
105,0,1,0,0,1,53.0,35,145,3.4,227000.0,270,1
91,0,1,0,1,1,60.0,40,126,1.2,328000.0,754,1
107,0,0,0,0,1,65.0,60,137,0.9,172000.0,59,1
172,0,0,0,1,1,60.667,40,136,1.0,201000.0,151,1
209,0,1,0,1,1,77.0,50,137,1.1,406000.0,109,0
186,0,1,0,1,0,70.0,60,138,0.9,220000.0,97,0
82,0,0,0,0,0,42.0,60,137,1.18,263358.03,582,0
201,0,1,0,0,0,47.0,25,134,0.8,130000.0,582,0
201,0,1,0,0,0,47.0,25,134,0.8,130000.0,582,0
40,1,1,1,1,0,60.0,38,138,0.6,451000.0,582,1
86,0,0,0,0,1,63.0,40,140,1.1,221000.0,61,1
88,0,1,0,0,1,45.0,35,138,0.9,226000.0,1876,1
8,1,0,0,0,1,65.0,20,116,2.7,327000.0,160,1
171,1,1,0,0,1,60.667,30,136,1.5,389000.0,104,1
146,0,1,1,1,1,70.0,60,145,1.1,176000.0,171,0
210,0,1,0,0,0,70.0,30,132,1.2,173000.0,232,0
146,0,1,0,0,1,50.0,20,139,0.8,189000.0,115,0
208,0,1,1,0,0,70.0,35,134,1.1,185000.0,93,0
64,1,1,1,0,0,60.0,20,127,2.9,119000.0,68,0
230,0,1,0,1,0,58.0,38,139,1.0,253000.0,132,1
80,0,1,1,0,0,70.0,45,136,0.8,249000.0,66,1
94,0,0,0,1,1,65.0,60,140,0.9,203000.0,113,1
27,1,1,0,1,0,94.0,38,134,1.83,263358.03,582,1
210,0,0,0,0,1,65.0,40,136,1.0,257000.0,720,1
31,1,1,1,1,0,70.0,20,134,1.83,263358.03,582,0
209,0,1,0,1,1,77.0,50,137,1.1,406000.0,109,0
24,1,0,0,1,1,95.0,40,138,1.0,196000.0,112,0
107,0,1,0,0,0,75.0,40,137,1.18,263358.03,582,0
196,1,0,0,1,1,54.0,70,137,9.0,151000.0,427,0
104,0,0,0,0,1,58.0,60,137,0.8,300000.0,200,1
79,0,1,0,1,1,65.0,60,140,0.8,304000.0,68,1
174,0,1,0,0,0,80.0,35,134,2.1,350000.0,582,1
186,0,1,1,0,0,60.0,35,113,1.8,263358.03,1211,1
105,0,1,0,0,1,53.0,35,145,3.4,227000.0,270,1
43,1,1,0,1,1,68.0,25,138,1.0,166000.0,577,0
50,1,1,0,0,1,95.0,30,132,2.0,461000.0,371,0
107,0,0,0,1,0,46.0,40,137,1.18,263358.03,719,0
245,0,0,0,0,0,67.0,38,133,1.2,215000.0,213,0
87,0,1,0,1,0,75.0,45,137,1.18,263358.03,582,0
83,0,0,0,1,0,58.0,38,142,0.7,327000.0,144,1
237,0,0,0,0,1,68.0,60,140,1.0,208000.0,157,1
33,0,1,0,1,0,72.0,50,134,1.0,218000.0,127,1
30,1,1,0,0,0,69.0,35,134,3.5,228000.0,582,1
187,0,0,0,1,0,49.0,35,130,0.8,268000.0,972,1
194,0,1,0,1,1,65.0,35,134,0.8,290000.0,135,0
87,0,1,0,0,1,65.0,25,141,1.1,298000.0,305,0
87,0,1,1,0,0,42.0,30,140,1.0,226000.0,5209,0
258,0,1,0,0,0,60.0,35,139,1.4,133000.0,320,0
75,0,0,0,0,0,70.0,40,136,1.7,293000.0,69,0
214,0,0,0,0,0,53.0,40,130,1.2,223000.0,207,1
44,1,0,0,1,1,70.0,50,134,1.0,351000.0,69,1
26,1,1,1,0,0,82.0,30,132,1.2,200000.0,70,1
26,1,1,1,1,0,70.0,45,136,1.3,284000.0,122,1
40,1,1,1,1,0,60.0,38,138,0.6,451000.0,582,1
207,0,0,0,0,0,72.0,25,134,1.2,274000.0,211,0
146,0,1,1,0,0,52.0,40,140,0.9,325000.0,3966,0
54,0,1,1,0,1,70.0,35,138,2.7,223000.0,75,0
123,0,1,1,0,1,63.0,40,137,0.9,448000.0,582,0
245,0,0,0,1,0,45.0,38,137,0.8,422000.0,582,0
30,1,1,0,0,0,69.0,35,134,3.5,228000.0,582,1
187,0,0,0,0,1,50.0,45,136,1.0,362000.0,167,1
129,1,1,0,0,0,45.0,30,139,1.1,334000.0,2442,1
216,0,1,1,1,1,52.0,30,142,1.0,334000.0,191,1
215,0,0,0,1,0,70.0,35,132,1.2,236000.0,88,1
170,1,1,1,0,1,58.0,25,137,1.2,219000.0,145,0
78,0,1,0,1,1,79.0,50,133,1.8,172000.0,55,0
212,0,1,1,0,0,40.0,35,136,1.1,255000.0,90,0
85,0,0,0,0,1,70.0,60,136,1.1,255000.0,59,0
146,0,1,0,0,1,50.0,20,139,0.8,189000.0,115,0
130,1,0,0,1,0,80.0,38,135,1.3,192000.0,776,1
100,1,0,0,1,0,46.0,17,124,2.1,271000.0,168,1
256,0,0,0,0,0,56.57964271604538,13,129,1.0410735416398245,245102.84188604285,1856,1
148,0,1,0,0,0,40.0,30,136,0.9,303000.0,478,1
79,0,1,0,1,1,65.0,60,140,0.8,304000.0,68,1
172,1,0,0,0,0,50.0,50,134,0.6,153000.0,582,0
187,0,0,0,0,1,40.0,40,141,0.8,226000.0,101,0
112,0,1,1,0,0,50.0,30,141,0.7,266000.0,185,0
245,0,0,0,0,0,67.0,38,133,1.2,215000.0,213,0
250,0,1,1,0,0,65.0,38,138,1.1,263358.03,1688,0
94,0,0,0,1,1,60.0,60,136,0.7,271000.0,96,1
30,1,0,0,1,1,82.0,50,145,1.0,321000.0,855,1
145,0,1,1,0,1,51.0,35,136,1.5,263358.03,582,1
237,0,1,0,0,0,61.0,38,141,1.2,147000.0,582,1
197,0,1,0,0,1,68.0,35,134,1.1,271000.0,1021,1
147,0,1,1,0,0,69.0,40,135,1.0,105000.0,1419,0
6,1,1,0,0,0,55.0,38,136,1.1,263358.03,7861,0
250,0,1,1,0,0,70.0,40,136,2.7,51000.0,582,0
220,0,0,0,0,0,65.0,38,139,1.7,294000.0,326,0
12,0,0,0,1,1,49.0,30,138,1.0,427000.0,80,0
258,0,1,1,0,0,52.0,38,140,1.0,382000.0,190,1
94,0,0,0,1,1,65.0,60,140,0.9,203000.0,113,1
32,1,0,1,1,0,50.0,30,136,1.2,153000.0,124,1
175,0,1,0,0,1,50.0,40,130,0.7,260000.0,121,1
85,0,0,0,1,1,60.0,25,137,1.2,318000.0,156,1
209,0,1,0,1,1,77.0,50,137,1.1,406000.0,109,0
91,0,0,0,0,1,58.0,40,139,1.0,164000.0,400,0
20,1,1,1,1,1,68.0,35,140,0.9,289000.0,220,0
10,1,0,0,0,0,65.0,65,138,1.5,263358.03,157,0
213,0,0,0,1,1,73.0,40,141,0.9,220000.0,1185,0
216,0,1,1,1,1,52.0,30,142,1.0,334000.0,191,1
74,0,1,1,1,1,75.0,38,131,0.6,283000.0,203,1
186,0,0,0,1,1,50.0,20,134,1.0,279000.0,582,1
216,0,1,1,1,1,52.0,30,142,1.0,334000.0,191,1
104,0,0,0,0,1,58.0,60,137,0.8,300000.0,200,1
245,0,0,0,1,0,45.0,38,137,0.8,422000.0,582,0
245,0,0,0,0,0,70.0,35,142,1.1,327000.0,618,0
174,0,0,0,1,0,40.0,45,140,0.9,275000.0,244,0
43,1,0,0,1,1,53.0,20,139,1.4,418000.0,91,0
78,0,1,0,1,1,79.0,50,133,1.8,172000.0,55,0
187,0,0,0,0,1,60.0,40,141,1.0,283000.0,2281,1
44,1,0,0,1,1,70.0,50,134,1.0,351000.0,69,1
117,0,1,0,1,0,62.0,60,139,0.9,244000.0,30,1
250,0,0,0,0,0,45.0,55,132,1.0,543000.0,582,1
145,0,1,1,0,1,51.0,35,136,1.5,263358.03,582,1
65,1,1,1,0,1,72.0,25,140,1.0,274000.0,110,0
201,0,1,1,0,1,42.0,35,139,1.1,365000.0,86,0
74,0,0,1,1,0,70.0,60,140,0.8,317000.0,92,0
194,0,1,0,1,1,65.0,35,134,0.8,290000.0,135,0
207,0,0,0,0,0,72.0,25,134,1.2,274000.0,211,0
212,0,0,0,1,0,70.0,35,139,1.3,533000.0,81,1
246,0,0,0,0,1,50.0,30,136,0.7,232000.0,1051,1
244,0,1,0,0,1,56.0,38,140,1.7,133000.0,135,1
212,0,1,1,0,0,65.0,30,136,1.3,249000.0,582,1
77,1,0,0,0,1,60.0,25,132,2.5,196000.0,76,1
108,0,1,0,1,0,50.0,30,138,0.8,211000.0,1548,0
82,0,0,0,0,0,42.0,60,137,1.18,263358.03,582,0
95,0,1,1,1,1,60.0,60,135,1.5,210000.0,737,0
212,0,1,1,0,0,40.0,35,136,1.1,255000.0,90,0
187,0,0,0,0,1,40.0,40,141,0.8,226000.0,101,0
100,1,0,0,1,0,46.0,17,124,2.1,271000.0,168,1
187,0,0,0,0,1,60.0,40,141,1.0,283000.0,2281,1
35,1,1,1,0,0,50.0,38,135,1.9,310000.0,582,1
8,1,0,0,0,1,65.0,20,116,2.7,327000.0,160,1
147,0,1,0,0,1,63.0,60,145,1.2,267000.0,122,1
113,0,1,0,0,0,64.0,60,137,1.0,242000.0,1610,0
8,1,1,1,1,1,90.0,40,132,2.1,204000.0,47,0
107,0,1,1,1,0,63.0,60,145,1.3,295000.0,193,0
90,1,1,1,0,0,85.0,60,132,1.2,306000.0,129,0
87,0,1,0,1,0,75.0,45,137,1.18,263358.03,582,0
148,0,1,0,0,0,40.0,30,136,0.9,303000.0,478,1
29,1,1,0,1,0,65.0,50,140,1.0,188000.0,94,1
80,0,1,0,0,0,60.0,45,133,1.0,297000.0,897,1
43,1,0,0,0,0,60.0,62,146,6.8,263358.03,3964,1
172,1,0,0,0,0,60.0,25,144,2.1,365000.0,1896,1
209,0,1,1,0,1,53.0,38,137,1.4,330000.0,707,0
82,0,0,0,0,0,42.0,60,137,1.18,263358.03,582,0
83,0,1,0,1,1,58.0,60,141,1.0,219000.0,133,0
94,0,0,0,0,1,85.0,60,138,3.2,507000.0,102,0
74,0,0,1,1,0,70.0,60,140,0.8,317000.0,92,0
193,1,0,0,1,1,48.0,30,130,1.6,244000.0,131,1
29,0,0,0,0,1,50.0,30,138,1.2,302000.0,159,1
278,0,0,0,0,0,45.0,60,138,0.8,742000.0,2060,1
85,0,0,0,1,1,60.0,25,137,1.2,318000.0,156,1
10,1,1,1,0,1,60.0,60,131,1.1,454000.0,315,1
250,0,1,1,0,0,65.0,38,138,1.1,263358.03,1688,0
233,0,1,0,0,0,55.0,40,138,1.0,203000.0,66,0
107,0,0,0,1,0,46.0,40,137,1.18,263358.03,719,0
115,1,0,0,1,0,72.0,45,135,2.5,235000.0,233,0
209,0,1,0,1,1,77.0,50,137,1.1,406000.0,109,0
148,0,1,0,0,0,40.0,30,136,0.9,303000.0,478,1
171,1,1,0,0,1,60.667,30,136,1.5,389000.0,104,1
171,1,1,0,0,1,60.667,30,136,1.5,389000.0,104,1
107,0,0,0,0,1,65.0,60,137,0.9,172000.0,59,1
148,0,1,0,0,0,40.0,30,136,0.9,303000.0,478,1
180,1,1,0,0,1,77.0,45,145,1.8,223000.0,418,0
213,0,0,0,1,1,73.0,40,141,0.9,220000.0,1185,0
121,0,1,1,1,1,59.0,45,139,1.1,362000.0,129,0
250,0,1,1,0,0,70.0,40,136,2.7,51000.0,582,0
201,0,1,1,0,1,42.0,35,139,1.1,365000.0,86,0
95,0,0,0,0,0,60.0,38,140,0.75,228000.0,96,1
246,0,0,0,0,1,50.0,30,136,0.7,232000.0,1051,1
186,0,1,1,0,0,60.0,35,113,1.8,263358.03,1211,1
88,0,1,1,0,0,45.0,35,142,1.3,850000.0,292,1
147,0,1,0,0,1,63.0,60,145,1.2,267000.0,122,1
107,0,1,1,1,0,63.0,60,145,1.3,295000.0,193,0
245,0,0,0,0,0,70.0,35,142,1.1,327000.0,618,0
54,0,1,1,0,1,70.0,35,138,2.7,223000.0,75,0
121,0,1,0,1,1,66.0,40,134,1.2,242000.0,72,0
10,1,1,1,1,0,62.0,25,140,0.9,253000.0,231,0
244,0,1,1,1,0,44.0,30,130,1.6,263358.03,582,1
43,1,0,0,0,0,60.0,62,146,6.8,263358.03,3964,1
30,1,1,0,0,0,69.0,35,134,3.5,228000.0,582,1
107,0,0,0,0,1,65.0,60,137,0.9,172000.0,59,1
174,0,1,0,0,0,80.0,35,134,2.1,350000.0,582,1
109,1,1,0,0,0,80.0,38,134,1.1,263358.03,805,0
91,0,0,0,0,1,58.0,40,139,1.0,164000.0,400,0
187,0,1,1,1,0,60.0,25,136,3.5,212000.0,59,0
121,0,1,0,0,1,85.0,50,134,1.3,235000.0,910,0
85,0,0,0,0,1,70.0,60,136,1.1,255000.0,59,0
237,0,0,0,0,1,68.0,60,140,1.0,208000.0,157,1
185,0,0,0,1,0,45.0,38,137,1.18,263358.03,582,1
126,1,0,0,0,1,50.0,35,142,0.9,75000.0,2334,1
8,1,0,0,0,1,65.0,20,116,2.7,327000.0,160,1
30,1,1,0,0,0,69.0,35,134,3.5,228000.0,582,1
146,0,1,1,1,1,70.0,60,145,1.1,176000.0,171,0
162,1,1,0,1,0,75.0,38,134,2.5,224000.0,99,0
192,0,1,1,1,0,50.0,62,140,0.8,147000.0,582,0
209,0,1,1,0,1,53.0,45,137,1.1,305000.0,582,0
207,1,0,0,0,0,60.0,30,127,1.7,62000.0,166,0
80,0,1,0,0,0,60.0,45,133,1.0,297000.0,897,1
135,1,1,0,0,0,59.0,20,134,2.4,70000.0,66,1
23,1,1,1,0,0,80.0,38,144,1.9,149000.0,148,1
150,1,1,1,0,1,59.0,25,136,1.0,221000.0,176,1
205,0,1,0,0,0,58.0,25,138,1.0,504000.0,582,1
54,0,1,1,0,1,60.0,40,138,0.6,216000.0,607,0
28,1,1,0,0,0,85.0,45,132,3.0,360000.0,23,0
87,0,1,0,1,0,75.0,45,137,1.18,263358.03,582,0
10,1,1,1,1,0,62.0,25,140,0.9,253000.0,231,0
194,0,1,0,1,1,65.0,35,134,0.8,290000.0,135,0
105,0,1,0,0,1,53.0,35,145,3.4,227000.0,270,1
205,0,1,0,0,0,58.0,25,138,1.0,504000.0,582,1
146,0,1,1,1,0,65.0,35,137,0.9,281000.0,198,1
212,0,0,0,1,0,70.0,35,139,1.3,533000.0,81,1
91,0,1,0,1,1,60.0,40,126,1.2,328000.0,754,1
111,1,1,1,1,1,72.0,25,139,1.7,338000.0,943,0
113,0,1,0,0,0,64.0,60,137,1.0,242000.0,1610,0
174,0,0,0,0,1,64.0,60,135,1.5,309000.0,62,0
187,0,1,1,0,1,78.0,40,137,0.7,277000.0,64,0
82,0,0,0,0,0,42.0,60,137,1.18,263358.03,582,0
90,0,1,0,0,0,50.0,25,136,1.6,252000.0,369,1
90,0,1,0,0,0,50.0,25,136,1.6,252000.0,369,1
107,0,0,0,0,1,65.0,60,137,0.9,172000.0,59,1
126,1,0,0,0,1,50.0,35,142,0.9,75000.0,2334,1
186,0,1,1,0,0,60.0,35,113,1.8,263358.03,1211,1
50,1,1,0,0,1,95.0,30,132,2.0,461000.0,371,0
207,0,0,0,0,0,65.0,25,130,5.0,237000.0,56,0
209,0,1,1,0,1,53.0,38,137,1.4,330000.0,707,0
87,0,1,1,0,0,80.0,25,144,1.1,149000.0,898,0
180,1,1,0,0,1,77.0,45,145,1.8,223000.0,418,0
174,0,1,0,0,0,80.0,35,134,2.1,350000.0,582,1
74,0,1,1,1,1,75.0,38,131,0.6,283000.0,203,1
250,0,0,0,0,0,45.0,55,132,1.0,543000.0,582,1
23,1,1,1,0,0,80.0,38,144,1.9,149000.0,148,1
30,1,1,0,0,0,69.0,35,134,3.5,228000.0,582,1
96,1,1,0,0,0,60.0,40,134,3.7,217000.0,582,0
78,0,1,0,1,1,79.0,50,133,1.8,172000.0,55,0
88,0,1,0,0,0,55.0,45,137,1.3,263000.0,748,0
172,1,0,0,0,0,50.0,50,134,0.6,153000.0,582,0
63,0,0,0,0,0,45.0,80,137,1.18,263358.03,582,0
30,1,0,0,0,0,60.0,38,142,3.0,329000.0,235,1
107,0,0,0,0,1,65.0,60,137,0.9,172000.0,59,1
107,0,1,0,0,1,60.0,45,131,6.1,250000.0,1082,1
108,0,0,0,0,0,62.0,35,136,1.0,221000.0,281,1
244,0,1,0,0,0,40.0,35,132,1.0,222000.0,582,1
209,0,1,0,1,1,77.0,50,137,1.1,406000.0,109,0
245,0,0,0,0,0,67.0,38,133,1.2,215000.0,213,0
66,1,0,0,0,0,70.0,25,142,1.2,244000.0,161,0
210,0,1,0,0,0,70.0,30,132,1.2,173000.0,232,0
88,1,0,1,1,1,72.0,30,138,1.7,621000.0,328,0
80,0,1,0,0,0,60.0,45,133,1.0,297000.0,897,1
216,0,1,1,1,1,52.0,30,142,1.0,334000.0,191,1
45,1,0,1,0,1,60.0,38,132,2.2,255000.0,260,1
27,1,1,0,1,0,94.0,38,134,1.83,263358.03,582,1
28,1,0,0,1,1,50.0,35,128,1.0,319000.0,249,1
76,0,1,1,0,0,67.0,50,137,1.18,263358.03,582,0
75,0,0,0,0,0,70.0,40,136,1.7,293000.0,69,0
214,0,1,0,0,0,64.0,25,135,2.4,246000.0,143,0
90,1,0,0,0,1,70.0,60,137,1.3,351000.0,143,0
187,0,1,1,0,1,78.0,40,137,0.7,277000.0,64,0
95,0,0,0,0,0,60.0,38,140,0.75,228000.0,96,1
117,0,1,0,1,0,62.0,60,139,0.9,244000.0,30,1
15,1,0,0,0,1,48.0,55,121,1.9,87000.0,582,1
95,0,0,0,0,0,60.0,38,140,0.75,228000.0,96,1
104,0,0,0,0,1,58.0,60,137,0.8,300000.0,200,1
206,0,1,0,1,1,55.0,35,140,1.0,141000.0,2794,0
106,0,1,1,1,1,53.0,60,138,0.7,249000.0,1808,0
250,0,1,1,0,0,42.0,30,128,3.8,215000.0,64,0
285,0,1,1,0,0,50.0,45,136,1.6,395000.0,196,0
97,0,0,0,0,1,43.0,50,135,1.3,237000.0,358,0
28,1,0,0,1,1,50.0,35,128,1.0,319000.0,249,1
185,0,0,0,1,0,45.0,38,137,1.18,263358.03,582,1
33,0,1,0,1,0,72.0,50,134,1.0,218000.0,127,1
210,0,0,0,0,1,65.0,40,136,1.0,257000.0,720,1
35,1,1,1,0,0,50.0,38,135,1.9,310000.0,582,1
196,1,0,0,1,1,54.0,70,137,9.0,151000.0,427,0
14,1,1,0,0,0,45.0,14,127,0.8,166000.0,582,0
245,0,0,0,0,0,67.0,38,133,1.2,215000.0,213,0
192,0,1,1,0,0,78.0,50,138,1.4,481000.0,224,0
111,1,1,1,1,1,72.0,25,139,1.7,338000.0,943,0
30,1,0,0,1,1,82.0,50,145,1.0,321000.0,855,1
15,1,0,0,0,1,48.0,55,121,1.9,87000.0,582,1
180,0,1,1,0,1,73.0,30,142,1.18,160000.0,231,1
33,1,0,0,0,1,60.0,60,142,1.1,194000.0,588,1
126,1,0,0,0,1,50.0,35,142,0.9,75000.0,2334,1
207,1,0,0,0,0,60.0,30,127,1.7,62000.0,166,0
208,0,1,1,0,0,70.0,35,134,1.1,185000.0,93,0
7,1,1,1,0,0,65.0,20,129,1.3,162000.0,146,0
95,0,0,0,1,1,60.0,30,145,0.9,127000.0,582,0
10,1,1,1,1,1,75.0,38,131,4.0,368000.0,81,0
94,0,0,0,1,1,65.0,60,140,0.9,203000.0,113,1
129,1,1,0,0,0,45.0,30,139,1.1,334000.0,2442,1
278,0,0,0,0,0,45.0,60,138,0.8,742000.0,2060,1
79,0,1,0,1,1,65.0,60,140,0.8,304000.0,68,1
135,1,1,0,0,0,59.0,20,134,2.4,70000.0,66,1
112,0,1,1,0,0,50.0,30,141,0.7,266000.0,185,0
38,1,1,0,1,0,51.0,25,130,0.9,271000.0,1380,0
78,0,1,0,1,1,79.0,50,133,1.8,172000.0,55,0
118,0,1,1,1,0,50.0,45,134,0.9,184000.0,115,0
201,0,1,1,0,1,42.0,35,139,1.1,365000.0,86,0
107,0,1,0,0,1,60.0,45,131,6.1,250000.0,1082,1
32,1,0,1,1,0,50.0,30,136,1.2,153000.0,124,1
188,0,1,1,1,0,70.0,17,136,1.0,389000.0,212,1
237,0,1,0,0,0,61.0,38,141,1.2,147000.0,582,1
256,0,0,0,0,0,65.0,35,142,1.1,263358.03,892,1
10,1,0,0,0,0,65.0,65,138,1.5,263358.03,157,0
208,0,1,1,0,0,70.0,35,134,1.1,185000.0,93,0
212,0,1,1,0,0,40.0,35,136,1.1,255000.0,90,0
43,1,0,0,1,1,53.0,20,139,1.4,418000.0,91,0
14,1,1,0,0,1,87.0,38,140,0.9,262000.0,149,0
244,0,1,0,0,1,56.0,38,140,1.7,133000.0,135,1
83,0,0,0,1,0,58.0,38,142,0.7,327000.0,144,1
174,0,1,0,0,0,80.0,35,134,2.1,350000.0,582,1
74,0,1,0,0,0,42.0,40,140,1.2,237000.0,102,1
74,0,1,0,0,0,42.0,40,140,1.2,237000.0,102,1
78,0,1,0,1,1,79.0,50,133,1.8,172000.0,55,0
146,0,1,0,0,1,50.0,20,139,0.8,189000.0,115,0
14,1,1,0,0,0,45.0,14,127,0.8,166000.0,582,0
196,1,0,0,1,1,54.0,70,137,9.0,151000.0,427,0
196,1,0,0,1,1,54.0,70,137,9.0,151000.0,427,0
205,0,0,0,0,0,75.0,60,125,1.4,265000.0,675,1
100,1,0,0,1,0,46.0,17,124,2.1,271000.0,168,1
104,0,0,0,0,1,58.0,60,137,0.8,300000.0,200,1
212,0,1,1,0,0,65.0,30,136,1.3,249000.0,582,1
27,1,1,0,1,0,94.0,38,134,1.83,263358.03,582,1
108,0,1,0,0,1,68.0,25,130,2.1,305000.0,646,0
241,1,1,1,0,0,55.0,20,134,1.83,263358.03,1199,0
180,1,1,0,1,0,45.0,20,135,1.6,126000.0,582,0
28,1,1,0,0,0,85.0,45,132,3.0,360000.0,23,0
172,1,0,0,0,0,50.0,50,134,0.6,153000.0,582,0
140,0,0,0,0,0,65.0,40,138,1.0,270000.0,582,1
20,1,0,0,1,1,65.0,30,136,1.6,297000.0,128,1
244,0,1,0,0,0,40.0,35,132,1.0,222000.0,582,1
60,1,1,0,1,0,45.0,25,139,1.0,390000.0,7702,1
197,0,0,0,1,0,55.0,35,140,0.7,371000.0,582,1
207,0,0,0,0,0,72.0,25,134,1.2,274000.0,211,0
28,1,1,0,0,0,85.0,45,132,3.0,360000.0,23,0
10,1,1,1,1,1,75.0,38,131,4.0,368000.0,81,0
8,1,1,1,1,1,90.0,40,132,2.1,204000.0,47,0
245,0,1,0,0,0,42.0,40,140,0.7,189000.0,64,0
244,0,0,0,0,0,45.0,38,140,0.9,302000.0,582,1
30,0,1,0,0,0,60.0,30,137,2.3,305000.0,2656,1
140,0,0,0,0,0,65.0,40,138,1.0,270000.0,582,1
246,0,0,0,0,0,55.0,38,136,1.3,451000.0,84,1
126,1,0,0,0,1,50.0,35,142,0.9,75000.0,2334,1
187,0,0,0,0,1,40.0,40,141,0.8,226000.0,101,0
11,1,1,0,1,1,50.0,38,137,1.1,276000.0,168,0
174,0,0,0,1,0,40.0,45,140,0.9,275000.0,244,0
209,0,1,0,1,1,77.0,50,137,1.1,406000.0,109,0
10,1,0,0,0,0,65.0,65,138,1.5,263358.03,157,0
197,0,0,0,1,0,55.0,35,140,0.7,371000.0,582,1
85,0,0,0,1,1,60.0,25,137,1.2,318000.0,156,1
74,0,1,1,1,1,75.0,38,131,0.6,283000.0,203,1
130,1,0,0,1,0,80.0,38,135,1.3,192000.0,776,1
213,0,1,0,0,0,54.0,38,134,1.8,264000.0,582,1
95,1,0,0,0,0,86.0,38,134,1.83,263358.03,582,0
87,0,0,0,1,0,60.0,50,143,2.3,286000.0,53,0
245,0,0,0,0,0,70.0,35,142,1.1,327000.0,618,0
87,0,1,0,0,1,65.0,25,141,1.1,298000.0,305,0
87,0,1,0,1,0,75.0,45,137,1.18,263358.03,582,0
188,0,1,1,1,0,70.0,17,136,1.0,389000.0,212,1
237,0,0,0,0,1,68.0,60,140,1.0,208000.0,157,1
79,0,1,0,1,0,44.0,40,139,0.7,235000.0,84,1
205,0,0,0,0,0,75.0,60,125,1.4,265000.0,675,1
245,0,1,1,0,1,60.0,30,137,1.0,150000.0,257,1
209,0,1,1,0,1,53.0,38,137,1.4,330000.0,707,0
61,1,1,0,0,0,45.0,35,145,1.0,385000.0,582,0
111,1,1,1,1,1,72.0,25,139,1.7,338000.0,943,0
78,0,1,0,1,1,79.0,50,133,1.8,172000.0,55,0
180,1,1,0,0,1,77.0,45,145,1.8,223000.0,418,0
237,0,1,0,0,0,61.0,38,141,1.2,147000.0,582,1
20,1,0,0,1,1,65.0,30,136,1.6,297000.0,128,1
104,0,0,0,0,1,58.0,60,137,0.8,300000.0,200,1
172,0,0,0,1,1,60.667,40,136,1.0,201000.0,151,1
185,0,0,0,1,0,45.0,38,137,1.18,263358.03,582,1
83,0,1,0,1,1,58.0,60,141,1.0,219000.0,133,0
31,1,1,1,1,0,70.0,20,134,1.83,263358.03,582,0
120,0,1,1,0,0,50.0,25,136,1.0,262000.0,250,0
6,1,1,0,0,0,55.0,38,136,1.1,263358.03,7861,0
104,0,1,1,1,0,61.0,30,136,0.7,267000.0,248,0
26,1,1,1,1,0,70.0,45,136,1.3,284000.0,122,1
65,1,0,0,0,1,42.0,15,136,1.3,213000.0,250,1
193,1,0,0,1,1,48.0,30,130,1.6,244000.0,131,1
23,1,1,1,0,0,80.0,38,144,1.9,149000.0,148,1
197,0,1,0,0,1,68.0,35,134,1.1,271000.0,1021,1
214,1,1,0,0,0,55.0,25,138,1.1,314000.0,2017,0
107,0,1,0,0,0,75.0,40,137,1.18,263358.03,582,0
111,1,1,1,1,1,72.0,25,139,1.7,338000.0,943,0
245,0,0,0,0,0,70.0,35,142,1.1,327000.0,618,0
10,1,0,0,0,0,65.0,65,138,1.5,263358.03,157,0
94,0,0,0,1,1,65.0,60,140,0.9,203000.0,113,1
59,1,1,1,1,0,72.0,20,136,1.3,254000.0,364,1
175,0,1,0,0,1,50.0,40,130,0.7,260000.0,121,1
117,0,1,0,1,0,62.0,60,139,0.9,244000.0,30,1
186,0,1,0,1,0,45.0,60,136,1.0,377000.0,308,1
43,1,0,0,1,1,53.0,20,139,1.4,418000.0,91,0
280,0,1,1,0,0,45.0,38,140,1.4,140000.0,2413,0
107,0,0,0,1,0,46.0,40,137,1.18,263358.03,719,0
250,0,1,1,0,0,65.0,38,138,1.1,263358.03,1688,0
38,1,1,0,1,0,51.0,25,130,0.9,271000.0,1380,0
150,1,1,1,0,1,59.0,25,136,1.0,221000.0,176,1
95,0,0,0,1,1,66.0,38,136,1.0,162000.0,68,1
44,1,0,0,1,1,70.0,50,134,1.0,351000.0,69,1
72,0,1,1,0,0,65.0,50,137,1.3,149000.0,224,1
43,1,0,0,0,0,60.0,62,146,6.8,263358.03,3964,1
107,0,1,1,1,0,63.0,60,145,1.3,295000.0,193,0
83,0,1,0,1,1,58.0,60,141,1.0,219000.0,133,0
245,0,0,0,0,0,67.0,38,133,1.2,215000.0,213,0
43,1,0,0,1,1,53.0,20,139,1.4,418000.0,91,0
7,1,1,1,0,0,65.0,20,129,1.3,162000.0,146,0
150,1,1,1,0,1,59.0,25,136,1.0,221000.0,176,1
247,0,1,0,0,0,70.0,40,137,1.0,241000.0,2695,1
30,1,0,0,0,0,60.0,38,142,3.0,329000.0,235,1
258,0,1,1,0,0,52.0,38,140,1.0,382000.0,190,1
145,0,1,1,0,1,51.0,35,136,1.5,263358.03,582,1
107,0,0,0,1,0,46.0,40,137,1.18,263358.03,719,0
187,0,1,1,0,1,78.0,40,137,0.7,277000.0,64,0
7,1,1,0,0,1,50.0,20,137,1.9,210000.0,111,0
73,1,1,1,0,1,60.0,20,139,0.7,204000.0,47,0
250,0,1,0,0,0,60.0,35,140,1.7,279000.0,253,0
237,0,0,0,0,1,68.0,60,140,1.0,208000.0,157,1
78,1,0,0,1,1,59.0,25,141,1.0,302000.0,280,1
129,1,1,0,0,0,45.0,30,139,1.1,334000.0,2442,1
74,0,1,1,1,1,75.0,38,131,0.6,283000.0,203,1
205,0,1,0,0,0,58.0,25,138,1.0,504000.0,582,1
55,1,1,1,1,0,49.0,20,136,1.1,319000.0,789,0
174,0,0,0,0,1,64.0,60,135,1.5,309000.0,62,0
245,0,1,0,0,0,42.0,40,140,0.7,189000.0,64,0
187,0,1,0,0,0,85.0,38,136,0.9,186000.0,212,0
256,0,0,0,0,1,90.0,38,144,0.9,390000.0,337,0
44,1,0,0,1,1,70.0,50,134,1.0,351000.0,69,1
79,0,1,0,1,1,65.0,60,140,0.8,304000.0,68,1
33,1,1,1,1,0,70.0,45,139,1.2,185000.0,571,1
244,0,1,0,0,0,40.0,35,132,1.0,222000.0,582,1
44,1,0,0,1,1,70.0,50,134,1.0,351000.0,69,1
207,0,0,0,0,0,65.0,25,130,5.0,237000.0,56,0
205,0,1,1,0,1,58.0,25,132,1.3,189000.0,57,0
121,0,1,1,1,1,59.0,45,139,1.1,362000.0,129,0
201,0,1,1,0,1,42.0,35,139,1.1,365000.0,86,0
170,1,1,1,0,1,58.0,25,137,1.2,219000.0,145,0
150,1,1,1,0,1,59.0,25,136,1.0,221000.0,176,1
79,0,1,0,1,1,65.0,60,140,0.8,304000.0,68,1
83,0,1,0,1,1,63.0,25,134,1.3,254000.0,514,1
140,0,0,0,0,0,65.0,40,138,1.0,270000.0,582,1
30,1,0,0,0,0,60.0,38,142,3.0,329000.0,235,1
26,1,1,0,0,1,58.0,38,134,5.8,153000.0,60,0
187,0,1,0,0,0,85.0,38,136,0.9,186000.0,212,0
180,1,1,0,1,0,45.0,20,135,1.6,126000.0,582,0
115,0,1,0,1,0,60.0,35,136,0.9,228000.0,2261,0
31,1,1,1,1,0,70.0,20,134,1.83,263358.03,582,0
45,1,0,1,0,1,60.0,38,132,2.2,255000.0,260,1
250,0,1,0,0,1,55.0,40,135,1.2,336000.0,170,1
91,0,1,0,1,1,60.0,40,126,1.2,328000.0,754,1
213,0,1,0,0,0,54.0,38,134,1.8,264000.0,582,1
83,0,0,0,1,0,58.0,38,142,0.7,327000.0,144,1
192,0,1,1,0,0,78.0,50,138,1.4,481000.0,224,0
186,0,1,0,1,0,70.0,60,138,0.9,220000.0,97,0
54,0,1,1,0,1,60.0,40,138,0.6,216000.0,607,0
209,0,1,0,1,1,77.0,50,137,1.1,406000.0,109,0
64,1,1,1,0,0,60.0,20,127,2.9,119000.0,68,0
109,0,0,0,0,0,50.0,30,132,0.9,329000.0,482,1
33,1,0,0,0,1,60.0,60,142,1.1,194000.0,588,1
71,0,1,1,0,0,58.0,35,139,0.9,122000.0,582,1
244,0,1,0,0,1,56.0,38,140,1.7,133000.0,135,1
244,0,0,0,0,0,51.0,40,134,0.9,221000.0,582,1
108,0,1,0,0,1,68.0,25,130,2.1,305000.0,646,0
250,0,1,1,0,0,42.0,30,128,3.8,215000.0,64,0
10,1,1,1,1,0,62.0,25,140,0.9,253000.0,231,0
187,0,1,1,1,0,60.0,25,136,3.5,212000.0,59,0
233,0,0,0,0,1,62.0,40,133,0.7,283000.0,655,0
213,0,1,0,0,0,54.0,38,134,1.8,264000.0,582,1
193,1,0,0,1,1,48.0,30,130,1.6,244000.0,131,1
126,1,0,0,0,1,50.0,35,142,0.9,75000.0,2334,1
270,0,1,1,1,0,62.0,38,143,1.1,155000.0,61,1
22,0,1,0,0,0,53.0,60,135,0.8,368000.0,63,1
88,0,1,1,0,0,63.0,38,133,1.1,304000.0,936,0
55,1,1,1,1,0,49.0,20,136,1.1,319000.0,789,0
115,0,1,0,1,0,60.0,35,136,0.9,228000.0,2261,0
250,0,1,0,0,0,60.0,35,140,1.7,279000.0,253,0
180,1,1,0,1,0,45.0,20,135,1.6,126000.0,582,0
33,0,1,0,1,0,72.0,50,134,1.0,218000.0,127,1
213,0,1,0,0,0,54.0,38,134,1.8,264000.0,582,1
244,0,1,1,1,0,44.0,30,130,1.6,263358.03,582,1
28,1,0,0,1,1,50.0,35,128,1.0,319000.0,249,1
85,0,0,0,1,1,60.0,25,137,1.2,318000.0,156,1
120,0,0,0,0,1,52.0,35,136,1.4,277000.0,58,0
87,0,1,1,0,0,42.0,30,140,1.0,226000.0,5209,0
8,1,1,1,1,1,90.0,40,132,2.1,204000.0,47,0
207,1,0,0,0,0,60.0,30,127,1.7,62000.0,166,0
61,1,1,0,0,0,45.0,35,145,1.0,385000.0,582,0
186,0,1,1,0,0,60.0,35,113,1.8,263358.03,1211,1
215,0,0,0,1,0,70.0,35,132,1.2,236000.0,88,1
205,0,1,0,0,0,58.0,25,138,1.0,504000.0,582,1
230,0,1,0,1,0,58.0,38,139,1.0,253000.0,132,1
150,1,1,1,0,1,59.0,25,136,1.0,221000.0,176,1
196,0,0,0,1,0,70.0,50,141,0.9,358000.0,1202,0
207,0,0,0,0,0,72.0,25,134,1.2,274000.0,211,0
146,0,1,0,0,1,50.0,20,139,0.8,189000.0,115,0
174,0,0,0,1,0,40.0,45,140,0.9,275000.0,244,0
113,1,1,0,0,1,75.0,30,134,1.83,225000.0,582,0
147,0,1,0,0,1,63.0,60,145,1.2,267000.0,122,1
119,0,1,1,0,0,50.0,35,137,1.18,263358.03,1846,1
88,0,1,1,0,0,45.0,35,142,1.3,850000.0,292,1
237,0,0,0,0,1,68.0,60,140,1.0,208000.0,157,1
44,1,0,0,1,1,70.0,50,134,1.0,351000.0,69,1
256,0,0,0,0,1,90.0,38,144,0.9,390000.0,337,0
110,0,0,0,1,1,61.0,40,141,0.9,229000.0,84,0
256,0,0,0,0,1,90.0,38,144,0.9,390000.0,337,0
11,1,1,0,1,1,50.0,38,137,1.1,276000.0,168,0
256,0,0,0,0,1,90.0,38,144,0.9,390000.0,337,0
33,1,0,0,0,1,60.0,60,142,1.1,194000.0,588,1
109,0,0,0,0,0,50.0,30,132,0.9,329000.0,482,1
90,0,1,0,0,0,50.0,25,136,1.6,252000.0,369,1
88,0,1,0,0,1,45.0,35,138,0.9,226000.0,1876,1
79,0,1,0,1,1,65.0,60,140,0.8,304000.0,68,1
38,1,1,0,1,0,51.0,25,130,0.9,271000.0,1380,0
50,1,1,0,0,1,95.0,30,132,2.0,461000.0,371,0
145,0,0,0,1,0,70.0,35,133,0.8,305000.0,835,0
115,0,1,0,1,0,60.0,35,136,0.9,228000.0,2261,0
231,0,1,1,0,0,53.0,50,135,0.7,308000.0,56,0
15,1,0,0,0,1,48.0,55,121,1.9,87000.0,582,1
95,0,0,0,1,1,66.0,38,136,1.0,162000.0,68,1
187,0,0,0,0,1,50.0,45,136,1.0,362000.0,167,1
88,0,1,1,0,0,45.0,35,142,1.3,850000.0,292,1
94,0,0,0,1,1,65.0,60,140,0.9,203000.0,113,1
79,0,1,0,1,0,55.0,35,137,1.1,173000.0,47,0
87,0,1,1,0,0,80.0,25,144,1.1,149000.0,898,0
210,0,1,0,0,0,70.0,30,132,1.2,173000.0,232,0
121,0,1,1,1,1,59.0,45,139,1.1,362000.0,129,0
174,0,0,0,0,1,64.0,60,135,1.5,309000.0,62,0
80,0,1,0,0,0,60.0,45,133,1.0,297000.0,897,1
94,0,0,0,1,1,65.0,60,140,0.9,203000.0,113,1
33,1,0,0,0,1,60.0,60,142,1.1,194000.0,588,1
237,0,1,0,0,0,61.0,38,141,1.2,147000.0,582,1
244,0,1,0,0,0,40.0,35,132,1.0,222000.0,582,1
73,1,1,1,0,1,60.0,20,139,0.7,204000.0,47,0
231,0,1,1,0,0,53.0,50,135,0.7,308000.0,56,0
212,0,1,1,0,0,40.0,35,136,1.1,255000.0,90,0
214,0,0,0,1,0,50.0,30,139,0.5,404000.0,2522,0
118,0,1,1,1,0,50.0,45,134,0.9,184000.0,115,0
30,1,0,0,1,1,82.0,50,145,1.0,321000.0,855,1
147,0,1,0,0,1,63.0,60,145,1.2,267000.0,122,1
235,1,1,0,0,1,65.0,25,129,1.4,198000.0,258,1
91,0,1,0,1,1,60.0,40,126,1.2,328000.0,754,1
188,0,1,1,1,0,70.0,17,136,1.0,389000.0,212,1
42,1,0,0,0,1,57.0,30,140,1.0,395000.0,129,0
256,0,0,0,0,1,90.0,38,144,0.9,390000.0,337,0
118,0,1,1,1,0,50.0,45,134,0.9,184000.0,115,0
245,0,1,0,0,0,42.0,40,140,0.7,189000.0,64,0
121,0,1,0,1,1,66.0,40,134,1.2,242000.0,72,0
26,1,1,1,0,0,82.0,30,132,1.2,200000.0,70,1
174,0,1,0,0,0,80.0,35,134,2.1,350000.0,582,1
197,0,1,0,0,1,68.0,35,134,1.1,271000.0,1021,1
78,1,0,0,1,1,59.0,25,141,1.0,302000.0,280,1
148,0,1,0,0,0,40.0,30,136,0.9,303000.0,478,1
60,1,0,0,1,0,50.0,40,131,2.3,216000.0,318,0
186,0,0,0,0,0,65.0,30,138,0.8,259000.0,167,0
121,0,1,0,0,1,85.0,50,134,1.3,235000.0,910,0
196,0,0,0,1,0,70.0,50,141,0.9,358000.0,1202,0
196,1,0,0,1,1,54.0,70,137,9.0,151000.0,427,0
107,0,0,0,0,1,65.0,60,137,0.9,172000.0,59,1
59,1,1,1,1,0,72.0,20,136,1.3,254000.0,364,1
246,0,1,0,0,0,70.0,38,140,1.1,25100.0,582,1
32,1,0,1,1,0,50.0,30,136,1.2,153000.0,124,1
26,1,1,1,1,0,70.0,45,136,1.3,284000.0,122,1
68,0,1,1,0,0,41.0,40,140,0.8,374000.0,148,0
95,0,0,0,1,1,60.0,30,145,0.9,127000.0,582,0
43,1,0,0,1,1,53.0,20,139,1.4,418000.0,91,0
90,1,0,0,0,1,70.0,60,137,1.3,351000.0,143,0
208,0,1,1,0,0,70.0,35,134,1.1,185000.0,93,0
205,0,1,0,0,0,58.0,25,138,1.0,504000.0,582,1
148,0,1,0,0,0,40.0,30,136,0.9,303000.0,478,1
23,1,1,1,0,0,80.0,38,144,1.9,149000.0,148,1
188,0,1,1,1,0,70.0,17,136,1.0,389000.0,212,1
77,1,0,0,0,1,60.0,25,132,2.5,196000.0,76,1
12,0,0,0,1,1,49.0,30,138,1.0,427000.0,80,0
43,1,0,0,1,1,53.0,20,139,1.4,418000.0,91,0
233,0,1,0,0,0,55.0,40,138,1.0,203000.0,66,0
180,1,1,0,0,1,77.0,45,145,1.8,223000.0,418,0
16,0,0,0,1,1,65.0,25,137,1.3,276000.0,52,0
71,0,1,1,0,0,58.0,35,139,0.9,122000.0,582,1
246,0,1,0,0,0,70.0,38,140,1.1,25100.0,582,1
23,1,0,0,1,0,75.0,30,134,1.83,263358.03,582,1
117,0,1,0,1,0,62.0,60,139,0.9,244000.0,30,1
78,1,0,0,1,1,59.0,25,141,1.0,302000.0,280,1
213,0,0,0,1,1,73.0,40,141,0.9,220000.0,1185,0
187,0,1,1,1,0,60.0,25,136,3.5,212000.0,59,0
82,0,0,0,0,0,42.0,60,137,1.18,263358.03,582,0
75,0,0,0,0,0,70.0,40,136,1.7,293000.0,69,0
209,0,1,1,0,1,53.0,38,137,1.4,330000.0,707,0
83,0,1,0,1,1,63.0,25,134,1.3,254000.0,514,1
108,0,0,0,0,0,62.0,35,136,1.0,221000.0,281,1
237,0,1,0,0,0,61.0,38,141,1.2,147000.0,582,1
130,1,0,0,1,0,80.0,38,135,1.3,192000.0,776,1
33,0,1,0,1,0,72.0,50,134,1.0,218000.0,127,1
79,0,1,0,1,1,57.0,25,144,1.1,181000.0,115,0
196,0,0,0,1,0,70.0,50,141,0.9,358000.0,1202,0
109,0,0,0,0,1,46.0,35,140,0.9,348000.0,291,0
205,0,1,1,0,1,58.0,25,132,1.3,189000.0,57,0
187,0,1,0,0,0,85.0,38,136,0.9,186000.0,212,0
91,0,1,0,1,1,60.0,40,126,1.2,328000.0,754,1
235,1,1,0,0,1,65.0,25,129,1.4,198000.0,258,1
210,0,0,0,0,1,65.0,40,136,1.0,257000.0,720,1
186,0,1,1,0,0,60.0,35,113,1.8,263358.03,1211,1
215,0,0,0,1,0,70.0,35,132,1.2,236000.0,88,1
207,0,0,0,0,0,72.0,25,134,1.2,274000.0,211,0
250,0,1,1,0,0,42.0,30,128,3.8,215000.0,64,0
212,0,1,1,0,0,40.0,35,136,1.1,255000.0,90,0
63,0,0,0,0,0,45.0,80,137,1.18,263358.03,582,0
194,0,1,0,1,1,65.0,35,134,0.8,290000.0,135,0
94,0,0,0,1,1,65.0,60,140,0.9,203000.0,113,1
107,0,0,0,0,1,65.0,60,137,0.9,172000.0,59,1
250,0,0,0,0,0,45.0,55,132,1.0,543000.0,582,1
258,0,1,1,0,0,52.0,38,140,1.0,382000.0,190,1
186,0,0,0,1,1,50.0,20,134,1.0,279000.0,582,1
271,0,0,0,0,0,55.0,38,139,1.2,270000.0,1820,0
63,0,0,0,0,0,45.0,80,137,1.18,263358.03,582,0
214,0,1,1,0,0,40.0,35,142,1.0,301000.0,624,0
121,0,1,1,1,1,59.0,45,139,1.1,362000.0,129,0
43,1,1,0,1,1,68.0,25,138,1.0,166000.0,577,0
59,1,1,1,1,0,72.0,20,136,1.3,254000.0,364,1
33,0,1,0,1,0,72.0,50,134,1.0,218000.0,127,1
77,1,0,0,0,1,60.0,25,132,2.5,196000.0,76,1
91,0,1,0,1,1,60.0,40,126,1.2,328000.0,754,1
145,0,1,1,0,1,51.0,35,136,1.5,263358.03,582,1
198,1,1,0,0,0,73.0,20,134,1.83,263358.03,582,0
87,0,0,0,1,0,60.0,50,143,2.3,286000.0,53,0
87,0,0,0,1,0,60.0,50,143,2.3,286000.0,53,0
79,0,1,0,0,0,51.0,50,140,0.7,406000.0,78,0
87,0,0,0,1,0,60.0,50,143,2.3,286000.0,53,0
154,1,1,1,0,0,65.0,25,136,1.2,265000.0,395,1
246,0,0,0,0,1,50.0,30,136,0.7,232000.0,1051,1
80,0,1,0,0,0,60.0,45,133,1.0,297000.0,897,1
213,0,1,0,0,1,61.0,38,137,1.4,282000.0,80,1
67,1,1,0,0,0,65.0,25,135,1.83,497000.0,113,1
214,0,1,0,0,0,64.0,25,135,2.4,246000.0,143,0
201,0,1,1,0,1,42.0,35,139,1.1,365000.0,86,0
61,1,1,0,0,0,45.0,35,145,1.0,385000.0,582,0
215,0,1,0,1,0,50.0,45,133,1.0,274000.0,245,0
146,0,1,1,0,0,52.0,40,140,0.9,325000.0,3966,0
126,1,0,0,0,1,50.0,35,142,0.9,75000.0,2334,1
186,0,1,0,1,0,45.0,60,136,1.0,377000.0,308,1
80,0,1,1,0,0,70.0,45,136,0.8,249000.0,66,1
94,0,0,0,1,1,60.0,60,136,0.7,271000.0,96,1
79,0,1,0,1,0,44.0,40,139,0.7,235000.0,84,1
174,0,0,0,1,0,40.0,45,140,0.9,275000.0,244,0
192,0,1,1,0,0,78.0,50,138,1.4,481000.0,224,0
200,0,1,1,0,0,65.0,50,145,1.1,194000.0,118,0
87,0,1,0,1,0,75.0,45,137,1.18,263358.03,582,0
209,0,1,1,0,1,53.0,45,137,1.1,305000.0,582,0
130,1,0,0,1,0,80.0,38,135,1.3,192000.0,776,1
44,1,0,0,1,1,70.0,50,134,1.0,351000.0,69,1
79,0,1,0,1,0,44.0,40,139,0.7,235000.0,84,1
67,1,1,0,0,0,65.0,25,135,1.83,497000.0,113,1
30,0,1,0,0,0,60.0,30,137,2.3,305000.0,2656,1
79,0,1,0,0,0,51.0,50,140,0.7,406000.0,78,0
20,1,1,1,1,1,68.0,35,140,0.9,289000.0,220,0
113,0,1,0,0,0,64.0,60,137,1.0,242000.0,1610,0
280,0,1,1,0,0,45.0,38,140,1.4,140000.0,2413,0
108,0,1,0,1,0,50.0,30,138,0.8,211000.0,1548,0
10,1,1,1,0,1,60.0,60,131,1.1,454000.0,315,1
20,1,0,0,1,1,65.0,30,136,1.6,297000.0,128,1
94,0,0,0,1,1,60.0,60,136,0.7,271000.0,96,1
71,0,1,1,0,0,58.0,35,139,0.9,122000.0,582,1
30,0,1,0,0,0,60.0,30,137,2.3,305000.0,2656,1
209,0,1,1,0,1,53.0,38,137,1.4,330000.0,707,0
200,0,1,1,0,0,65.0,50,145,1.1,194000.0,118,0
87,0,1,0,0,1,65.0,25,141,1.1,298000.0,305,0
209,0,1,0,0,1,40.0,35,137,0.9,255000.0,129,0
214,0,0,0,1,0,50.0,30,139,0.5,404000.0,2522,0
174,0,1,0,0,0,80.0,35,134,2.1,350000.0,582,1
148,0,1,0,0,0,40.0,30,136,0.9,303000.0,478,1
117,0,1,0,1,0,62.0,60,139,0.9,244000.0,30,1
29,0,0,0,0,1,50.0,30,138,1.2,302000.0,159,1
154,1,1,1,0,0,65.0,25,136,1.2,265000.0,395,1
82,1,1,0,0,1,60.0,25,135,1.7,210000.0,154,0
174,0,0,0,0,1,64.0,60,135,1.5,309000.0,62,0
214,0,0,0,1,0,50.0,30,139,0.5,404000.0,2522,0
201,0,1,1,0,1,42.0,35,139,1.1,365000.0,86,0
121,0,1,1,1,1,59.0,45,139,1.1,362000.0,129,0
27,1,1,0,1,0,94.0,38,134,1.83,263358.03,582,1
30,1,1,0,0,1,90.0,50,134,1.0,226000.0,60,1
278,0,0,0,0,0,45.0,60,138,0.8,742000.0,2060,1
30,1,1,0,0,0,69.0,35,134,3.5,228000.0,582,1
244,0,1,1,1,0,44.0,30,130,1.6,263358.03,582,1
87,0,1,0,0,1,65.0,25,141,1.1,298000.0,305,0
198,1,1,0,0,0,73.0,20,134,1.83,263358.03,582,0
96,1,1,0,0,0,60.0,40,134,3.7,217000.0,582,0
147,0,0,0,0,1,49.0,50,140,1.0,132000.0,69,0
104,0,1,1,1,0,61.0,30,136,0.7,267000.0,248,0
237,0,1,0,0,0,61.0,38,141,1.2,147000.0,582,1
83,0,0,0,1,0,58.0,38,142,0.7,327000.0,144,1
91,0,1,0,1,1,60.0,40,126,1.2,328000.0,754,1
130,1,0,0,1,0,80.0,38,135,1.3,192000.0,776,1
205,0,1,0,0,0,58.0,25,138,1.0,504000.0,582,1
74,0,0,1,1,0,70.0,60,140,0.8,317000.0,92,0
79,0,1,0,0,0,51.0,50,140,0.7,406000.0,78,0
174,0,0,0,1,0,40.0,45,140,0.9,275000.0,244,0
68,0,1,1,0,0,41.0,40,140,0.8,374000.0,148,0
16,0,0,0,1,1,65.0,25,137,1.3,276000.0,52,0
86,0,0,0,0,1,63.0,40,140,1.1,221000.0,61,1
30,0,1,0,0,0,60.0,30,137,2.3,305000.0,2656,1
8,1,0,0,0,1,65.0,20,116,2.7,327000.0,160,1
65,1,0,0,0,1,42.0,15,136,1.3,213000.0,250,1
8,1,0,0,0,1,65.0,20,116,2.7,327000.0,160,1
118,0,1,1,1,0,50.0,45,134,0.9,184000.0,115,0
162,1,1,0,1,0,75.0,38,134,2.5,224000.0,99,0
10,1,1,0,0,1,75.0,15,137,1.2,127000.0,246,0
95,0,1,1,1,1,60.0,60,135,1.5,210000.0,737,0
209,0,1,1,0,1,53.0,45,137,1.1,305000.0,582,0
8,1,0,0,0,1,65.0,20,116,2.7,327000.0,160,1
148,0,1,0,0,0,40.0,30,136,0.9,303000.0,478,1
140,0,0,0,0,0,65.0,40,138,1.0,270000.0,582,1
214,0,0,0,0,0,53.0,40,130,1.2,223000.0,207,1
214,0,0,0,0,0,53.0,40,130,1.2,223000.0,207,1
41,1,1,0,1,1,80.0,20,133,4.4,140000.0,553,0
74,0,0,1,1,0,70.0,60,140,0.8,317000.0,92,0
11,1,1,0,1,1,50.0,38,137,1.1,276000.0,168,0
72,1,1,1,0,0,85.0,35,132,1.0,243000.0,5882,0
212,0,1,1,0,0,40.0,35,136,1.1,255000.0,90,0
33,1,1,1,1,0,70.0,45,139,1.2,185000.0,571,1
250,0,1,0,0,1,55.0,40,135,1.2,336000.0,170,1
185,0,0,0,1,0,45.0,38,137,1.18,263358.03,582,1
230,0,1,0,0,1,45.0,25,135,0.8,233000.0,66,1
212,0,0,0,1,0,70.0,35,139,1.3,533000.0,81,1
285,0,1,1,0,0,50.0,45,136,1.6,395000.0,196,0
180,1,1,0,1,0,45.0,20,135,1.6,126000.0,582,0
250,0,1,0,0,1,50.0,40,141,0.8,279000.0,54,0
41,1,1,0,1,1,80.0,20,133,4.4,140000.0,553,0
54,0,1,1,0,1,60.0,40,138,0.6,216000.0,607,0
45,1,0,1,0,1,60.0,38,132,2.2,255000.0,260,1
230,0,1,0,1,0,58.0,38,139,1.0,253000.0,132,1
94,0,0,0,1,1,60.0,60,136,0.7,271000.0,96,1
104,0,0,0,0,1,58.0,60,137,0.8,300000.0,200,1
197,0,0,0,1,0,55.0,35,140,0.7,371000.0,582,1
42,1,0,0,0,1,57.0,30,140,1.0,395000.0,129,0
68,0,1,1,0,0,41.0,40,140,0.8,374000.0,148,0
88,0,1,1,0,0,63.0,38,133,1.1,304000.0,936,0
162,1,1,0,1,0,75.0,38,134,2.5,224000.0,99,0
200,0,1,1,0,0,65.0,50,145,1.1,194000.0,118,0
250,0,0,0,0,0,45.0,55,132,1.0,543000.0,582,1
244,0,1,0,0,0,40.0,35,132,1.0,222000.0,582,1
65,1,0,0,0,1,42.0,15,136,1.3,213000.0,250,1
108,0,0,0,0,0,62.0,35,136,1.0,221000.0,281,1
193,1,0,0,1,1,48.0,30,130,1.6,244000.0,131,1
90,1,1,1,0,0,85.0,60,132,1.2,306000.0,129,0
74,0,0,1,1,0,70.0,60,140,0.8,317000.0,92,0
88,0,1,0,0,0,55.0,45,137,1.3,263000.0,748,0
90,1,0,0,0,1,70.0,60,137,1.3,351000.0,143,0
15,1,0,0,1,1,70.0,25,140,1.0,237000.0,125,0
193,1,0,0,1,1,48.0,30,130,1.6,244000.0,131,1
216,0,1,1,1,1,52.0,30,142,1.0,334000.0,191,1
250,0,1,0,0,1,55.0,40,135,1.2,336000.0,170,1
230,0,1,0,0,1,45.0,25,135,0.8,233000.0,66,1
43,1,0,0,0,0,60.0,62,146,6.8,263358.03,3964,1
96,1,1,0,0,0,60.0,40,134,3.7,217000.0,582,0
285,0,1,1,0,0,50.0,45,136,1.6,395000.0,196,0
7,1,1,1,0,0,65.0,20,129,1.3,162000.0,146,0
68,0,1,1,0,0,41.0,40,140,0.8,374000.0,148,0
60,0,1,1,0,0,55.0,35,139,1.1,254000.0,109,0
22,0,1,0,0,0,53.0,60,135,0.8,368000.0,63,1
258,0,1,1,0,0,52.0,38,140,1.0,382000.0,190,1
171,1,1,0,0,1,60.667,30,136,1.5,389000.0,104,1
237,0,0,0,0,1,68.0,60,140,1.0,208000.0,157,1
8,1,0,0,0,1,65.0,20,116,2.7,327000.0,160,1
198,1,1,0,0,0,73.0,20,134,1.83,263358.03,582,0
180,1,1,0,0,1,77.0,45,145,1.8,223000.0,418,0
172,1,0,0,0,0,50.0,50,134,0.6,153000.0,582,0
11,1,1,0,0,1,45.0,30,137,1.1,136000.0,981,0
88,0,1,0,0,0,55.0,45,137,1.3,263000.0,748,0
29,0,0,0,0,1,50.0,30,138,1.2,302000.0,159,1
44,1,0,0,1,1,70.0,50,134,1.0,351000.0,69,1
187,0,0,0,0,1,50.0,45,136,1.0,362000.0,167,1
67,1,1,0,0,0,65.0,25,135,1.83,497000.0,113,1
244,0,1,0,0,0,40.0,35,132,1.0,222000.0,582,1
147,0,1,1,0,0,55.0,40,140,0.7,279000.0,835,0
245,0,0,0,0,0,70.0,35,142,1.1,327000.0,618,0
250,0,1,1,0,0,65.0,38,138,1.1,263358.03,1688,0
10,1,1,1,1,0,62.0,25,140,0.9,253000.0,231,0
73,1,1,1,0,0,69.0,20,134,1.2,266000.0,582,0
235,1,1,0,0,1,65.0,25,129,1.4,198000.0,258,1
91,0,1,0,1,1,60.0,40,126,1.2,328000.0,754,1
91,0,1,0,1,1,60.0,40,126,1.2,328000.0,754,1
8,1,0,0,0,1,65.0,20,116,2.7,327000.0,160,1
43,1,0,0,0,0,60.0,62,146,6.8,263358.03,3964,1
186,0,0,0,0,0,65.0,30,138,0.8,259000.0,167,0
73,1,1,1,0,1,60.0,20,139,0.7,204000.0,47,0
88,0,1,1,0,0,63.0,38,133,1.1,304000.0,936,0
109,1,1,0,0,0,80.0,38,134,1.1,263358.03,805,0
74,0,0,0,1,0,55.0,45,140,0.9,324000.0,336,0
33,1,1,1,1,0,70.0,45,139,1.2,185000.0,571,1
94,0,0,0,1,1,60.0,60,136,0.7,271000.0,96,1
187,0,0,0,0,1,50.0,45,136,1.0,362000.0,167,1
88,0,1,1,0,0,45.0,35,142,1.3,850000.0,292,1
104,0,0,0,0,1,58.0,60,137,0.8,300000.0,200,1
112,0,1,1,0,0,52.0,30,136,0.7,218000.0,132,0
210,0,1,0,0,0,70.0,30,132,1.2,173000.0,232,0
94,0,0,0,0,1,85.0,60,138,3.2,507000.0,102,0
233,0,1,0,0,0,55.0,40,138,1.0,203000.0,66,0
16,0,0,0,1,1,65.0,25,137,1.3,276000.0,52,0
244,0,1,1,1,0,44.0,30,130,1.6,263358.03,582,1
30,1,0,0,1,1,82.0,50,145,1.0,321000.0,855,1
83,0,1,0,1,1,63.0,25,134,1.3,254000.0,514,1
100,1,0,0,1,0,46.0,17,124,2.1,271000.0,168,1
205,0,1,0,0,0,58.0,25,138,1.0,504000.0,582,1
258,0,1,0,0,0,60.0,35,139,1.4,133000.0,320,0
186,0,0,0,0,0,65.0,30,138,0.8,259000.0,167,0
87,0,1,1,0,0,42.0,30,140,1.0,226000.0,5209,0
250,0,1,0,0,0,60.0,35,140,1.7,279000.0,253,0
233,0,0,0,0,1,62.0,40,133,0.7,283000.0,655,0
109,0,0,0,0,0,50.0,30,132,0.9,329000.0,482,1
256,0,0,0,0,0,65.0,35,142,1.1,263358.03,892,1
215,0,0,0,1,0,70.0,35,132,1.2,236000.0,88,1
154,1,1,1,0,0,65.0,25,136,1.2,265000.0,395,1
105,0,1,0,0,1,53.0,35,145,3.4,227000.0,270,1
95,0,1,1,1,1,60.0,60,135,1.5,210000.0,737,0
15,1,0,0,1,1,70.0,25,140,1.0,237000.0,125,0
250,0,1,1,0,0,42.0,30,128,3.8,215000.0,64,0
186,0,1,0,0,1,63.0,45,137,0.7,73000.0,1767,0
186,0,1,0,0,1,63.0,45,137,0.7,73000.0,1767,0
40,1,1,1,1,0,60.0,38,138,0.6,451000.0,582,1
205,0,1,0,0,0,58.0,25,138,1.0,504000.0,582,1
80,0,1,0,0,0,60.0,45,133,1.0,297000.0,897,1
32,1,0,1,1,0,50.0,30,136,1.2,153000.0,124,1
78,1,0,0,1,1,59.0,25,141,1.0,302000.0,280,1
121,0,1,1,1,1,59.0,45,139,1.1,362000.0,129,0
118,0,1,1,1,0,50.0,45,134,0.9,184000.0,115,0
245,0,0,0,1,0,45.0,38,137,0.8,422000.0,582,0
28,1,1,0,0,0,85.0,45,132,3.0,360000.0,23,0
87,0,1,1,0,0,42.0,30,140,1.0,226000.0,5209,0
246,0,0,0,0,0,55.0,38,136,1.3,451000.0,84,1
26,1,1,1,1,0,70.0,45,136,1.3,284000.0,122,1
145,0,1,1,0,1,51.0,35,136,1.5,263358.03,582,1
205,0,1,0,0,0,58.0,25,138,1.0,504000.0,582,1
244,0,1,1,1,0,44.0,30,130,1.6,263358.03,582,1
61,1,1,0,0,0,45.0,35,145,1.0,385000.0,582,0
42,1,0,0,0,1,57.0,30,140,1.0,395000.0,129,0
146,0,1,1,1,1,70.0,60,145,1.1,176000.0,171,0
54,0,1,1,0,1,70.0,35,138,2.7,223000.0,75,0
109,0,0,0,0,1,46.0,35,140,0.9,348000.0,291,0
23,1,0,0,1,0,75.0,30,134,1.83,263358.03,582,1
104,0,0,0,0,1,58.0,60,137,0.8,300000.0,200,1
237,0,1,0,0,0,61.0,38,141,1.2,147000.0,582,1
185,0,0,0,1,0,45.0,38,137,1.18,263358.03,582,1
94,0,0,0,1,1,65.0,60,140,0.9,203000.0,113,1
88,1,0,1,1,1,72.0,30,138,1.7,621000.0,328,0
68,0,1,1,0,0,41.0,40,140,0.8,374000.0,148,0
113,1,1,0,0,1,75.0,30,134,1.83,225000.0,582,0
76,0,1,1,0,0,67.0,50,137,1.18,263358.03,582,0
162,1,1,0,1,0,75.0,38,134,2.5,224000.0,99,0
216,0,1,1,1,1,52.0,30,142,1.0,334000.0,191,1
77,1,0,0,0,1,60.0,25,132,2.5,196000.0,76,1
186,0,1,0,1,0,45.0,60,136,1.0,377000.0,308,1
88,0,1,1,0,0,45.0,35,142,1.3,850000.0,292,1
23,1,1,1,0,0,80.0,38,144,1.9,149000.0,148,1
31,1,1,1,1,0,70.0,20,134,1.83,263358.03,582,0
106,0,1,1,1,1,53.0,60,138,0.7,249000.0,1808,0
207,1,0,0,0,0,60.0,30,127,1.7,62000.0,166,0
145,0,0,0,1,0,70.0,35,133,0.8,305000.0,835,0
214,0,1,1,0,0,40.0,35,142,1.0,301000.0,624,0
33,1,0,0,0,1,60.0,60,142,1.1,194000.0,588,1
90,0,1,0,0,0,50.0,25,136,1.6,252000.0,369,1
117,0,1,0,1,0,62.0,60,139,0.9,244000.0,30,1
150,1,1,1,0,1,59.0,25,136,1.0,221000.0,176,1
107,0,1,0,0,1,60.0,45,131,6.1,250000.0,1082,1
60,0,1,1,0,0,55.0,35,139,1.1,254000.0,109,0
96,1,1,0,0,0,60.0,40,134,3.7,217000.0,582,0
10,1,1,1,1,1,75.0,38,131,4.0,368000.0,81,0
43,1,1,0,1,1,68.0,25,138,1.0,166000.0,577,0
28,1,1,0,0,0,85.0,45,132,3.0,360000.0,23,0
171,1,1,0,0,1,60.667,30,136,1.5,389000.0,104,1
29,0,0,0,0,1,50.0,30,138,1.2,302000.0,159,1
20,1,0,0,1,1,65.0,30,136,1.6,297000.0,128,1
150,1,1,1,0,1,59.0,25,136,1.0,221000.0,176,1
197,0,0,0,1,0,55.0,35,140,0.7,371000.0,582,1
43,1,1,0,1,1,68.0,25,138,1.0,166000.0,577,0
95,0,1,1,1,1,60.0,60,135,1.5,210000.0,737,0
10,1,1,1,1,1,75.0,38,131,4.0,368000.0,81,0
214,0,1,0,0,0,64.0,25,135,2.4,246000.0,143,0
107,0,1,0,0,0,75.0,40,137,1.18,263358.03,582,0
83,0,0,0,1,0,58.0,38,142,0.7,327000.0,144,1
187,0,0,0,0,1,60.0,40,141,1.0,283000.0,2281,1
26,1,1,1,1,0,70.0,45,136,1.3,284000.0,122,1
23,1,1,1,0,0,80.0,38,144,1.9,149000.0,148,1
59,1,1,1,1,0,72.0,20,136,1.3,254000.0,364,1
200,0,1,1,0,0,65.0,50,145,1.1,194000.0,118,0
187,0,1,1,1,0,60.0,25,136,3.5,212000.0,59,0
7,1,1,1,0,0,65.0,20,129,1.3,162000.0,146,0
215,0,1,0,1,0,50.0,45,133,1.0,274000.0,245,0
10,1,1,1,1,1,75.0,38,131,4.0,368000.0,81,0
27,1,1,0,1,0,94.0,38,134,1.83,263358.03,582,1
105,0,1,0,0,1,53.0,35,145,3.4,227000.0,270,1
88,0,1,0,0,1,45.0,35,138,0.9,226000.0,1876,1
43,1,0,0,0,0,60.0,62,146,6.8,263358.03,3964,1
79,0,1,0,1,1,65.0,60,140,0.8,304000.0,68,1
60,0,1,1,0,0,55.0,35,139,1.1,254000.0,109,0
233,0,1,0,0,0,55.0,40,138,1.0,203000.0,66,0
120,0,0,0,1,1,65.0,35,136,0.8,235000.0,335,0
73,1,1,1,0,1,60.0,20,139,0.7,204000.0,47,0
187,0,1,1,1,0,60.0,25,136,3.5,212000.0,59,0
60,1,1,0,1,0,45.0,25,139,1.0,390000.0,7702,1
80,0,1,1,0,0,70.0,45,136,0.8,249000.0,66,1
154,1,1,1,0,0,65.0,25,136,1.2,265000.0,395,1
104,0,0,0,0,1,58.0,60,137,0.8,300000.0,200,1
215,0,0,0,0,0,55.0,35,143,0.8,231000.0,572,1
146,0,1,1,0,0,52.0,40,140,0.9,325000.0,3966,0
250,0,1,1,0,0,42.0,30,128,3.8,215000.0,64,0
174,0,0,0,1,0,40.0,45,140,0.9,275000.0,244,0
187,0,1,1,1,0,60.0,25,136,3.5,212000.0,59,0
147,0,1,1,0,0,55.0,40,140,0.7,279000.0,835,0
27,1,1,0,1,0,94.0,38,134,1.83,263358.03,582,1
250,0,1,0,0,1,55.0,40,135,1.2,336000.0,170,1
215,0,0,0,1,0,70.0,35,132,1.2,236000.0,88,1
80,0,1,0,0,0,60.0,45,133,1.0,297000.0,897,1
8,1,0,0,0,1,65.0,20,116,2.7,327000.0,160,1
250,0,1,0,0,1,50.0,40,141,0.8,279000.0,54,0
112,0,1,1,0,0,50.0,30,141,0.7,266000.0,185,0
233,0,1,0,0,0,55.0,40,138,1.0,203000.0,66,0
28,1,1,0,0,0,85.0,45,132,3.0,360000.0,23,0
82,1,1,0,0,1,60.0,25,135,1.7,210000.0,154,0
67,1,1,0,0,0,65.0,25,135,1.83,497000.0,113,1
33,1,0,0,0,1,60.0,60,142,1.1,194000.0,588,1
60,1,1,0,1,0,45.0,25,139,1.0,390000.0,7702,1
27,1,1,0,1,0,94.0,38,134,1.83,263358.03,582,1
246,0,1,0,0,0,70.0,38,140,1.1,25100.0,582,1
186,0,0,0,0,0,65.0,30,138,0.8,259000.0,167,0
121,0,1,1,0,1,45.0,35,139,0.8,174000.0,130,0
110,0,0,0,1,1,61.0,40,141,0.9,229000.0,84,0
174,0,0,0,1,0,40.0,45,140,0.9,275000.0,244,0
213,0,0,0,1,1,73.0,40,141,0.9,220000.0,1185,0
215,0,0,0,1,0,70.0,35,132,1.2,236000.0,88,1
278,0,0,0,0,0,45.0,60,138,0.8,742000.0,2060,1
187,0,0,0,0,1,50.0,45,136,1.0,362000.0,167,1
244,0,0,0,0,0,51.0,40,134,0.9,221000.0,582,1
257,0,0,0,0,0,45.0,55,141,0.8,222000.0,615,1
146,0,1,1,0,0,52.0,40,140,0.9,325000.0,3966,0
196,1,0,0,1,1,54.0,70,137,9.0,151000.0,427,0
207,0,0,0,0,0,65.0,25,130,5.0,237000.0,56,0
87,0,1,1,0,0,42.0,30,140,1.0,226000.0,5209,0
108,0,1,0,1,0,50.0,30,138,0.8,211000.0,1548,0
85,0,0,0,1,1,60.0,25,137,1.2,318000.0,156,1
135,1,1,0,0,0,59.0,20,134,2.4,70000.0,66,1
126,1,0,0,0,1,50.0,35,142,0.9,75000.0,2334,1
244,0,1,0,0,1,56.0,38,140,1.7,133000.0,135,1
108,0,0,0,0,0,62.0,35,136,1.0,221000.0,281,1
215,0,1,0,1,0,50.0,45,133,1.0,274000.0,245,0
10,1,1,1,1,0,62.0,25,140,0.9,253000.0,231,0
79,0,1,0,1,0,55.0,35,137,1.1,173000.0,47,0
60,0,1,1,0,0,55.0,35,139,1.1,254000.0,109,0
240,0,1,1,0,1,50.0,35,140,0.9,362000.0,298,0
74,0,1,0,0,0,42.0,40,140,1.2,237000.0,102,1
30,1,0,0,0,0,60.0,38,142,3.0,329000.0,235,1
35,1,1,1,0,0,50.0,38,135,1.9,310000.0,582,1
245,0,1,1,0,1,60.0,30,137,1.0,150000.0,257,1
154,1,1,1,0,0,65.0,25,136,1.2,265000.0,395,1
112,0,1,1,0,0,52.0,30,136,0.7,218000.0,132,0
95,1,0,0,0,0,86.0,38,134,1.83,263358.03,582,0
231,0,1,1,0,0,53.0,50,135,0.7,308000.0,56,0
66,1,0,0,0,0,70.0,25,142,1.2,244000.0,161,0
201,0,1,0,0,0,47.0,25,134,0.8,130000.0,582,0
250,0,1,0,0,1,55.0,40,135,1.2,336000.0,170,1
30,1,0,0,0,0,60.0,38,142,3.0,329000.0,235,1
197,0,1,0,0,1,68.0,35,134,1.1,271000.0,1021,1
244,0,0,0,0,0,45.0,38,140,0.9,302000.0,582,1
120,0,1,0,0,1,60.0,25,140,1.7,194000.0,231,1
250,0,1,1,0,0,42.0,30,128,3.8,215000.0,64,0
205,0,1,1,0,1,58.0,25,132,1.3,189000.0,57,0
214,0,1,0,0,0,64.0,25,135,2.4,246000.0,143,0
26,1,1,0,0,1,58.0,38,134,5.8,153000.0,60,0
73,1,1,1,0,0,69.0,20,134,1.2,266000.0,582,0
30,1,0,0,1,1,82.0,50,145,1.0,321000.0,855,1
215,0,0,0,0,0,55.0,35,143,0.8,231000.0,572,1
212,0,0,0,1,0,70.0,35,139,1.3,533000.0,81,1
150,1,1,1,0,1,59.0,25,136,1.0,221000.0,176,1
186,0,1,0,1,0,45.0,60,136,1.0,377000.0,308,1
186,0,1,0,0,1,63.0,45,137,0.7,73000.0,1767,0
107,0,1,0,0,0,75.0,40,137,1.18,263358.03,582,0
145,0,0,0,1,0,70.0,35,133,0.8,305000.0,835,0
108,0,1,0,1,0,50.0,30,138,0.8,211000.0,1548,0
54,0,1,1,0,1,70.0,35,138,2.7,223000.0,75,0
30,1,0,0,0,0,60.0,38,142,3.0,329000.0,235,1
117,0,1,0,1,0,62.0,60,139,0.9,244000.0,30,1
246,0,0,0,0,0,55.0,38,136,1.3,451000.0,84,1
212,0,0,0,1,0,70.0,35,139,1.3,533000.0,81,1
258,0,1,1,0,0,52.0,38,140,1.0,382000.0,190,1
83,0,1,0,1,1,58.0,60,141,1.0,219000.0,133,0
172,1,0,0,0,0,50.0,50,134,0.6,153000.0,582,0
250,0,1,1,0,0,65.0,38,138,1.1,263358.03,1688,0
107,0,1,1,1,0,63.0,60,145,1.3,295000.0,193,0
90,1,1,1,0,0,85.0,60,132,1.2,306000.0,129,0
250,0,0,0,0,0,45.0,55,132,1.0,543000.0,582,1
59,1,1,1,1,0,72.0,20,136,1.3,254000.0,364,1
244,0,1,1,1,0,44.0,30,130,1.6,263358.03,582,1
230,0,1,0,0,1,45.0,25,135,0.8,233000.0,66,1
86,0,0,0,0,1,63.0,40,140,1.1,221000.0,61,1
